{"cameraMode":{"drawMode":0,"name":"Shaded","section":"Shading Mode"},"sceneLighting":true,"audioPlay":false,"sceneViewState":{"showFog":true,"showMaterialUpdate":false,"showSkybox":true,"showFlares":true,"showImageEffects":true,"showParticleSystems":true},"in2DMode":false,"pivot":{"x":-176.80235290527345,"y":-90.81880950927735,"z":6.082777500152588},"rotation":{"x":-0.15048585832118989,"y":0.6622948050498962,"z":-0.13826511800289155,"w":-0.720839262008667},"size":275.9970703125,"orthographic":false}