{"cameraMode":{"drawMode":0,"name":"Shaded","section":"Shading Mode"},"sceneLighting":false,"audioPlay":false,"sceneViewState":{"showFog":true,"showMaterialUpdate":false,"showSkybox":true,"showFlares":true,"showImageEffects":true,"showParticleSystems":true},"in2DMode":false,"pivot":{"x":-0.28757762908935549,"y":4.671759605407715,"z":8.931550979614258},"rotation":{"x":-0.08687030524015427,"y":0.2009088397026062,"z":-0.017889630049467088,"w":-0.9755885004997253},"size":42.481178283691409,"orthographic":false}